"Site.ID","Latitude","Longitude","Study.Start","Study.End","fixed_season"
"Awassa",7.1,38.5,1996,2000,"Feb:May,Jun:Sep"
"Chebunyo",-0.969315,35.1942,1987,1994,"Apr:Jun,Oct:Dec"
"Weruga",-3.399795,38.3637,1987,1994,"Apr:Jun,Oct:Dec"
"Kand. Kareti",-0.706135,37.051469,1987,1994,"Apr:Jun,Oct:Dec"
"Chepkumia",0.1365443,34.9587,1987,1994,"Apr:Jun,Oct:Dec"
"Sosiot",-0.367118,35.17586,1987,1994,"Apr:Jun,Oct:Dec"
"Otamba",-0.722862,34.76293,1987,1994,"Apr:Jun,Oct:Dec"
"Githunguri",-1.049447,36.72883,1987,1994,"Apr:Jun,Oct:Dec"
"Vih. Maragoli",0.0053974,34.6631,1987,1994,"Apr:Jun,Oct:Dec"
"Upepo",0.073326,36.316216,1987,1994,"Apr:Jun,Oct:Dec"
"Ol Ngarua",0.311416,36.26194,1987,1994,"Apr:Jun,Oct:Dec"
"Rotian",-1.0150798,35.89619,1987,1994,"Apr:Jun,Oct:Dec"
"Eld. Ravine",0.04979678,35.712548,1987,1994,"Apr:Jun,Oct:Dec"
"Baraton",0.24385713,35.086241,1987,1994,"Apr:Jun,Oct:Dec"
"Kapenguria",1.2456264,35.130124,1987,1994,"Apr:Jun,Oct:Dec"
"Bugar",0.7484218,35.50894,1987,1994,"Apr:Jun,Oct:Dec"
"Kiamokama",-0.8350578,34.88556,1987,1994,"Apr:Jun,Oct:Dec"
"Ol Joro Orok",-0.084894,36.38033,1987,1994,"Apr:Jun,Oct:Dec"
"Mau Summit",-0.1630869,35.705721,1987,1994,"Apr:Jun,Oct:Dec"
"Njambini",-0.73376831,36.659376,1987,1994,"Apr:Jun,Oct:Dec"
"Tongaren",0.75272,34.907,1987,1994,"Apr:Jun,Oct:Dec"
"Turbo",0.603037,35.11684,1987,1994,"Apr:Jun,Oct:Dec"
"Kamakoiwa",0.7776151,34.79492,1987,1994,"Apr:Jun,Oct:Dec"
"Kaguru ATC",-0.0869761,37.66396,1987,1994,"Apr:Jun,Oct:Dec"
"Kerugoya",-0.5056138,37.28628,1987,1994,"Apr:Jun,Oct:Dec"
"Kavutiri",-0.429157,37.47443,1987,1994,"Apr:Jun,Oct:Dec"
"Moi TTC",0.497713,35.32352,1987,1994,"Apr:Jun,Oct:Dec"
"Tulaga",-0.64747948,36.6090239,1987,1994,"Apr:Jun,Oct:Dec"
"AREX Training Centre farm, Domboshava",-17.58333,31.16667,1992,2006,"Nov:Mar"
"Cinzana ARS_loamy",13.279,-5.934,1990,1998,"May:Oct"
"Cinzana ARS_clay",13.279,-5.934,1990,1998,"May:Oct"
"Ngoungoumou",3.25,12.05,1998,2005,"d-Mar:-July,Sep:d-Nov"
"Evendissi",3.45,11.41667,1998,2005,"d-Mar:-July,Sep:d-Nov"
"May Zegzeg",13.65,39.16667,2005,2010,"d-Jun:d-Sep"
"Alemaya University Hirna Station",9.219,41.114,1986,1995,"Mar:May,July:Sep"
"Samaru",11,7.7,1972,1980,"May:Sep"
"ICIPE Campus, Mbita Point",-0.431,34.208,2004,2010,"Mar:Jun,Sep:Dec"
"ICRISAT, Sadore",13.2343,2.284,1991,1998,"Jun:Sep"
"IITA Conotou",6.4193,2.3295,1985,1992,"Apr:July,Sep:Nov"
"IITA, Ibadan",7.498,3.903,1981,1993,"Apr:July,Sep:Oct"
"IITA, Ibadan",7.498,3.903,1986,2002,"May:July,Sep:Nov"
"IITA, Ibadan",7.498,3.903,1982,1987,"Mar:July,Aug:Nov"
"IITA, Ibadan",7.498,3.903,1978,1983,"Mar:July,Aug:Nov"
"IITA, Ibadan",7.498,3.903,1970,1987,"e-Mar:-July,Aug:Nov"
"IITA, Ibadan",7.498,3.903,1980,1987,"Apr:July,Aug:Nov"
"IITA, Ibadan",7.498,3.903,1982,1987,"d-Mar:-July,d-Aug:Oct"
"IITA, Mbalmayo",3.466,11.487,1990,1996,"d-Mar:Jun,Sep:Nov"
"IITA, Onne",4.719,7.178,1983,1988,"Mar:Nov"
"IITA, Sendusu NaCRRI, Namulonge",0.5312,32.6118,1993,1997,"Mar:Jun,Sep:Dec"
"INERA, Saria",12.2778,-2.1551,1982,1992,"July:y-Oct"
"INERA, Saria",12.2778,-2.1551,1980,2006,"May:Oct"
"INERA, Saria",12.2778,-2.1551,1980,2002,"May:Oct"
"INERA, Saria",12.2778,-2.1551,1990,1999,"May:Oct"
"INERA, Saria",12.2778,-2.1551,1990,2000,"May:Oct"
"Irrigation Research Station, Kadawa",11.647,8.448,1981,1985,"Jun:Sep"
"Kagasa",-1.924224,29.990175,1984,1989,"Oct:d-Dec,d-Feb:May"
"western Kenya 5",0.22889,34.90639,2005,2006,"Mar:Aug,Sep:Jan"
"western Kenya 20",0.22889,34.90639,2005,2006,"Mar:Aug,Sep:Jan"
"western Kenya35",0.22889,34.90639,2005,2006,"Mar:Aug,Sep:Jan"
"western Kenya 80",0.22889,34.90639,2005,2006,"Mar:Aug,Sep:Jan"
"western Kenya 105",0.22889,34.90639,2005,2006,"Mar:Aug,Sep:Jan"
"Mtwapa Agroforestry Energy Center",-3.83333,39.75,1982,1987,"Mar:Jun,Oct:Dec"
"Mtwapa Agroforestry Energy Center",-3.83333,39.75,1982,1986,"Apr:Jun,Oct:Dec"
"KARI, Katumani (ICRAF Machakos)",-1.5824,37.2432,1987,1992,"Mar:May,Nov:Jan"
"KARI, Katumani (ICRAF Machakos)",-1.5824,37.2432,1989,1996,"d-Mar:-July,d-Oct:d-Feb"
"KARI, Katumani (ICRAF Machakos)",-1.5824,37.2432,1989,1995,"d-Mar:July,d-Oct:d-Feb"
"KARI, Katumani (ICRAF Machakos)",-1.5824,37.2432,1991,1996,"Mar:e-May,Oct:Dec"
"Makoka ARS, Zomba",-15.473,35.4502,1991,2004,"Nov:Apr"
"Msekera RS 91-3",-13.6456,32.5603,1991,2004,"Nov:Apr"
"Msekera RS 92-3",-13.6456,32.5603,1991,2004,"Nov:Apr"
"Makoka ARS, Zomba",-15.473,35.4502,1991,2002,"Nov:Apr"
"Makoka ARS, Zomba",-15.473,35.4502,1991,2006,"Nov:Apr"
"Makoka ARS, Zomba",-15.473,35.4502,1995,2000,"Nov:Mar"
"Nazombe",-15.323,35.3877,1995,2000,"Nov:Mar"
"Mashitsi Research Station",-3.367,29.85,1989,1994,"Oct:Feb,Feb:Jun"
"Misamfu ARS",-10.174,31.226,1983,1991,"Nov:Apr"
"Murewa-HF_CLAY",-17.652,31.798,2001,2009,"Oct:Apr"
"Murewa-OF_CLAY",-17.652,31.798,2001,2009,"Oct:Apr"
"Murewa-HF_SANDY",-17.652,31.798,2001,2009,"Oct:Apr"
"Murewa-OF_SANDY",-17.652,31.798,2001,2009,"Oct:Apr"
"NARL, Kabete",-1.25,36.73,1976,1994,"Mar:May,d-Oct:Dec"
"Ngwazi, Mufindi",-8.541,35.169,1971,1988,"d-Nov:May"
"Nioro",13.7585,-15.787,2003,2015,"July:Sep"
"Nkhande",-14.78333,34.6,1984,1991,"Nov:May"
"Nyabeda",0.1296,34.4055,2003,2008,"Mar:Aug,Sep:Jan"
"South-western",5.66667,-6.71667,1989,2005,"Mar:Jun,Sep:Oct"
"University of Ibadan Research Farm",7.444,3.9,2002,2008,"d-Mar:Aug,d-Aug:d-Oct"
"Ibadan",7.40241,3.90691,1976,1980,"e-Mar:-July,e-Aug:Nov"
"AREX Training Centre farm, Domboshava",-17.58333,31.16667,1993,2006,"Nov:Mar"
"Embu",-0.5,37.66667,2012,2015,"Mar:d-Aug,Sep:Jan"
"Machanga",-0.78333,37.66667,2012,2015,"Mar:d-Aug,Sep:Jan"
"Nyabeda",0.1296,34.4055,2012,2015,"Mar:d-Aug,Sep:Jan"
"Teso",0.56667,34.18333,2012,2015,"Mar:d-Aug,Sep:Jan"
"Aludeka Site",0.574,34.191,2002,2021,"March:Aug,Sep:Jan"
"Embu Site",-0.517,37.459,2002,2021,"March:y-Sep,Oct:y-Feb"
"Machanga Site",-0.793,37.664,2002,2021,"March:Aug,Oct:y-Feb"
"Sidada Site",0.143,34.422,2002,2021,"March:Aug,Sep:Jan"
"IITA, Ibadan",7.498,3.903,1989,2001,"Apr:Nov"
"Tembwe EPA",-13.76667,34.45,2010,2019,"Nov:Apr"
"Gourton Farm",-28.92412,29.56073,2002,2017,"Oct:Mar"
"Kouve",6.68333,1.41667,1972,1991,"Apr:July,Sep:Nov"
"Chitedze ARS",-13.97375,33.65276,2007,2017,"Dec:Apr"
"Bako Agricultural Research Center",9.1,37.15,2017,2019,"May:Aug"
"Bishola",8.4,39.03333,2017,2019,"May:Aug"
"IDESSA, Institut des Savanes",6.13333,-5.93333,1971,1993,"Feb:Nov"
"Domboshava",-18.16667,31.16667,2019,2021,"Nov:Mar"
"University of Zimbabwe Farm",-17.7242,31.0199,2019,2021,"Nov:Mar"
"ICRISAT, Sadore",13.2343,2.284,2011,2018,"Jun:Oct"
"Chitedze ARS",-13.97375,33.65276,2007,2017,"Nov:e-Mar"
"ICRISAT, Sadore",13.2343,2.284,1994,2019,"Jun:Sep"
"Regional Agricultural Research Station, Parwanipur, Nepal.",27.07,84.929,1978,1998,"d-Jun:e-Sep"
"Punjab Agricultural University (PAU), Ludhiana.",30.9042,75.8064,1988,2000,"Jun:Sep"
"Indian Institute of Farming Systems Research (IIFSR), Modipuram",29.076809,77.704873,1993,2011,"July:Sep"
"Bangladesh Agricultural Research Institute (BARI)",24.38333,90.13333,2007,2012,"d-Mar:d-Oct"
"ICAR-Vivekananda Parvatiya Krishi Anusandhan Sansthan (VPKAS), Almora",29.584919,79.648957,1995,2016,"Jun:Sep"
"ICAR-Vivekananda Experimental Farm",29.5895,79.644,2000,2017,"Jun:Sep"
"Regional Agricultural Research Station, Parwanipur, Nepal.",27.0775,84.929724,1979,1999,"d-Jun:e-Sep"
"Indian Institute of Soil Science, Bhopal",23.30655,77.40703,2000,2007,"Jun:Sep"
"OUAT, Bhubaneswar",20.264298,85.806349,2005,2014,"Jun:Sep"
"JNKVV-Experimental Farm",23.2154,79.966,1972,2015,"Jun:Sep"
"RRSKA, Kandi",31.0998,76.3869,2000,2006,"July:Sep"
"College of Agriculture, Chaudhary Sarwan Kumar Himachal Pradesh Agricultural University, Palampur, HP,",32.1,76.5466,1991,2010,"Jun:Sep,Dec:Feb"
"Gunegal Research Farm..Gunegal Research Farm-II",17.1,78.66667,1994,2004,"Jun:Sep,NA:NA"
"CSKHPKV-Experimental Farm",32.09674,76.54627,1972,2018,"Jun:Sep"
"Bangladesh Rice Research Institute, (BRRI) Gazipur",23.9919,90.4072,1985,2015,"July:Dec"
"Agricultural Research Station, University of Agricultural Sciences, GKVK campus, Bengaluru, Karnataka.",13.0821,77.577,1992,2004,"Jun:Sep"
